scenario,passed,total,rate
1:1,3,12,0.25
1:10,8,12,0.6666666666666666
1:50,5,12,0.4166666666666667
1:100,1,12,0.08333333333333333
