architecture,passed,total,rate
GCN,1,12,0.08333333333333333
TAGCN,3,12,0.25
GAT,5,12,0.4166666666666667
GraphSAGE,8,12,0.6666666666666666
