architecture,passed,total,rate
GCN,1,15,0.06666666666666667
TAGCN,4,15,0.26666666666666666
GAT,7,15,0.4666666666666667
GraphSAGE,11,15,0.7333333333333333
