architecture,mean,count
GAT,0.534363413496505,7
GCN,0.4841940359329098,1
TAGCN,0.45718372271346935,4
GraphSAGE,0.3448969762593353,11
