architecture,mean,count
GAT,0.6346870660690501,5
TAGCN,0.5897572293502891,3
GCN,0.4841940359329098,1
GraphSAGE,0.41188638934063243,8
